frame_index,left_gripper_diff,right_gripper_diff
0,0.0,0.0
1,0.0,0.0
2,0.0,0.0
3,0.0,0.0
4,0.0,0.0
5,0.0,0.0
6,0.0,0.0
7,0.0,0.0
8,0.0,0.0
9,0.0,0.0
10,0.0,0.0
11,0.0,0.0
12,0.0,0.0
13,0.0,0.0
14,0.0,0.0
15,0.0,0.0
16,0.0,0.0
17,0.0,0.0
18,0.0,0.0
19,0.0,0.0
20,0.0,0.0
21,0.0,0.0
22,0.0,0.0
23,0.0,0.0
24,0.0,0.0
25,0.0,0.0
26,0.0,0.0
27,0.0,0.0
28,0.0,0.0
29,0.0,0.0
30,0.0,0.0
31,0.0,0.0
32,0.0,0.0
33,0.0,0.0
34,0.0,0.0
35,0.0,0.0
36,0.0,0.0
37,0.0,0.0
38,0.0,0.0
39,0.0,0.0
40,0.0,0.0
41,0.0,0.0
42,0.0,0.0
43,0.0,0.0
44,0.0,0.0
45,0.0,0.0
46,0.0,0.0
47,0.0,0.0
48,0.0,0.0
49,0.0,0.0
50,0.0,0.0
51,0.0,0.0
52,0.0,0.0
53,0.0,0.0
54,0.0,0.0
55,0.0,0.0
56,0.0,0.0
57,0.0,0.0
58,0.0,0.0
59,0.0,0.0
60,0.0,0.0
61,0.0,0.0
62,0.0,0.0
63,0.0,0.0
64,0.0,0.0
65,0.0,0.0
66,0.0,0.0
67,0.0,0.0
68,0.0,0.0
69,0.0,0.0
70,0.0,0.0
71,0.0,0.0
72,0.0,0.0
73,0.0,0.0
74,0.0,0.0
75,0.0,0.0
76,0.0,0.0
77,0.0,0.0
78,0.0,0.0
79,0.0,0.0
80,0.0,0.0
81,0.0,0.0
82,0.0,0.0
83,0.0,0.0
84,0.0,0.0
85,0.0,0.0
86,0.0,0.0
87,0.0,0.0
88,0.0,0.0
89,0.0,0.0
90,0.0,0.0
91,0.0,0.0
92,0.0,0.0
93,0.0,0.0
94,0.0,0.0
95,0.0,0.0
96,0.0,0.0
97,0.0,0.0
98,0.0,0.0
99,0.0,0.0
100,0.0,0.0
101,0.0,0.0
102,0.0,0.0
103,0.0,0.0
104,0.21733333,0.21733333
105,0.21733333,0.21733333
106,0.21733333,0.0
107,0.21733333,0.0
108,0.21733333,0.0
109,0.21733333,0.0
110,0.21733333,0.0
111,0.21733333,0.0
112,0.21733333,0.0
113,0.21733333,0.0
114,0.21733333,0.0
115,0.21733333,0.0
116,0.21733333,0.0
117,0.21733333,0.0
118,0.21733333,0.0
119,0.21733333,0.0
120,0.21733333,0.0
121,0.21733333,0.0
122,0.21733333,0.0
123,0.21733333,0.0
124,0.21733333,0.0
125,0.21733333,0.0
126,0.21733333,0.0
127,0.21733333,0.0
128,0.21733333,0.0
129,0.21733333,0.0
130,0.21733333,0.0
131,0.21733333,0.0
132,0.21733333,0.0
133,0.21733333,0.0
134,0.21733333,0.0
135,0.21733333,0.0
136,0.21733333,0.0
137,0.21733333,0.0
138,0.21733333,0.0
139,0.21733333,0.0
140,0.21733333,0.0
141,0.21733333,0.0
142,0.21733333,0.0
143,0.21733333,0.0
144,0.21733333,0.0
145,0.21733333,0.0
146,0.21733333,0.0
147,0.21733333,-0.55
148,0.21733333,-0.48266667
149,0.21733333,0.30400002
150,0.21733333,1.608
151,0.21733333,4.265
152,0.21733333,6.939375
153,0.21733333,11.524375
154,0.21733333,16.544374
155,0.21733333,22.615625
156,0.21733333,27.874374
157,0.21733333,35.54625
158,0.21733333,42.35375
159,0.21733333,49.81125
160,0.21733333,57.92
161,0.21733333,69.05125
162,0.21733333,77.26375
163,0.21733333,87.333336
164,0.21733333,100.02
165,0.21733333,111.55666
166,0.21733333,117.2375
167,0.21733333,118.1188
168,0.21733333,118.4713
169,0.21733333,118.4713
170,0.21733333,118.4713
171,0.21733333,118.4713
172,0.21733333,118.4713
173,0.21733333,118.4713
174,0.21733333,118.4713
175,0.21733333,118.4713
176,0.21733333,118.4713
177,0.21733333,118.4713
178,0.21733333,118.4713
179,0.0,118.4713
180,0.21733333,118.4713
181,0.21733333,118.4713
182,0.21733333,118.4713
183,0.21733333,118.4713
184,0.21733333,118.4713
185,0.21733333,118.4713
186,0.21733333,118.4713
187,0.21733333,118.4713
188,0.0,118.4713
189,0.0,118.4713
190,0.21733333,118.4713
191,0.0,118.4713
192,0.21733333,118.4713
193,0.0,118.4713
194,0.21733333,118.4713
195,0.21733333,118.4713
196,0.0,118.4713
197,0.21733333,118.4713
198,0.0,118.4713
199,0.21733333,118.4713
200,0.21733333,118.4713
201,0.21733333,118.4713
202,0.21733333,118.4713
203,0.21733333,118.4713
204,0.21733333,118.4713
205,0.21733333,118.4713
206,0.0,118.4713
207,0.21733333,118.4713
208,0.21733333,118.4713
209,0.21733333,118.4713
210,0.21733333,118.4713
211,0.21733333,118.4713
212,0.21733333,118.4713
213,0.21733333,118.4713
214,0.0,118.4713
215,0.0,118.4713
216,0.21733333,118.4713
217,0.21733333,118.4713
218,0.0,118.4713
219,0.21733333,118.4713
220,0.0,118.4713
221,0.21733333,118.4713
222,0.0,118.4713
223,0.21733333,118.4713
224,0.0,118.4713
225,0.0,118.4713
226,0.21733333,118.4713
227,0.0,118.4713
228,0.0,118.4713
229,0.0,118.4713
230,0.0,118.4713
231,0.21733333,118.4713
232,0.0,118.4713
233,0.21733333,118.4713
234,0.0,118.671295
235,0.21733333,119.295
236,0.21733333,118.9425
237,0.21733333,118.0613
238,0.21733333,115.485
239,0.21733333,105.39
240,0.0,96.68667
241,0.21733333,87.0
242,0.21733333,74.3375
243,0.0,66.1575
244,0.0,55.02
245,0.0,47.0575
246,0.21733333,39.95
247,0.0,31.80375
248,0.0,26.245
249,0.0,20.61125
250,0.0,14.8825
251,0.21733333,10.616875
252,0.0,6.518125
253,0.0,4.011875
254,0.0,1.7386667
255,0.0,0.43466666
256,0.0,0.21733333
257,0.0,0.21733333
258,0.0,0.21733333
259,0.21733333,0.21733333
260,0.0,0.21733333
261,0.21733333,0.21733333
262,0.0,0.21733333
263,0.21733333,0.21733333
264,0.0,0.21733333
265,0.21733333,0.21733333
266,0.0,0.21733333
267,0.21733333,0.21733333
268,0.0,0.21733333
269,0.0,0.21733333
270,0.21733333,0.21733333
271,0.21733333,0.21733333
272,0.0,0.0
273,0.0,0.0
274,0.0,0.0
275,0.0,0.0
276,0.0,0.0
277,0.0,0.0
278,0.0,0.0
279,0.0,0.0
280,0.0,0.0
281,0.0,0.0
282,0.0,0.0
283,0.0,0.0
284,0.0,0.0
285,0.0,0.0
286,0.0,0.0
287,0.0,0.0
288,0.0,0.0
289,0.0,0.0
290,0.0,0.0
291,0.0,0.0
292,0.0,0.0
293,0.0,0.0
294,0.0,0.0
295,0.0,0.0
296,0.0,0.0
297,0.0,0.0
298,0.0,0.0
299,0.0,0.0
300,0.0,0.0
301,0.0,0.0
302,0.0,0.0
303,0.0,0.0
304,0.0,0.0
305,0.0,0.0
306,0.0,0.0
307,0.0,0.0
308,0.0,0.0
309,0.0,0.0
310,0.0,0.0
311,0.0,0.0
312,0.0,0.0
313,0.0,0.0
314,0.0,0.0
315,0.0,0.0
316,0.0,0.0
317,0.0,0.0
318,0.0,0.0
319,0.0,0.0
320,0.0,0.0
321,0.0,0.0
322,0.0,0.0
323,0.0,0.0
324,0.0,0.0
325,0.0,0.0
326,0.0,0.0
327,0.0,0.0
328,0.0,0.0
329,0.0,0.0
330,0.0,0.0
331,0.0,0.0
332,0.0,0.0
333,0.0,0.0
334,0.0,0.0
335,0.0,0.0
336,0.0,0.0
337,0.0,0.0
338,0.0,0.0
339,0.0,0.0
340,0.0,0.0
341,0.0,0.0
342,0.0,0.0
343,0.0,0.0
344,0.0,0.0
345,0.0,0.0
346,0.0,0.0
347,0.0,0.0
348,0.0,0.0
349,0.0,0.0
350,0.0,0.0
351,0.0,0.0
352,0.0,0.0
353,0.0,0.0
354,0.0,0.0
355,0.0,0.0
356,0.0,0.0
357,0.0,0.0
358,0.0,0.0
359,0.0,0.0
360,0.0,0.0
361,0.0,0.0
362,0.21733333,0.21733333
363,0.21733333,0.21733333
364,0.21733333,0.21733333
365,0.21733333,0.21733333
366,0.21733333,0.21733333
367,0.21733333,0.21733333
368,0.21733333,0.21733333
369,0.21733333,0.21733333
370,0.21733333,0.21733333
371,0.21733333,0.21733333
372,0.21733333,0.21733333
373,0.21733333,0.21733333
374,0.21733333,0.21733333
375,0.21733333,0.21733333
376,0.21733333,0.21733333
377,0.21733333,0.21733333
378,0.21733333,0.21733333
379,0.21733333,0.21733333
380,0.21733333,0.21733333
381,0.21733333,0.21733333
382,0.21733333,0.0
383,0.21733333,0.0
384,0.21733333,0.21733333
385,0.21733333,0.0
386,0.21733333,0.21733333
387,0.21733333,0.0
388,0.21733333,-0.07266666
389,0.21733333,-0.12533334
390,0.21733333,0.4166667
391,0.21733333,1.3906667
392,0.21733333,4.014375
393,0.21733333,6.493125
394,0.21733333,9.39375
395,0.21733333,15.23
396,0.21733333,23.366875
397,0.21733333,26.7475
398,0.21733333,34.20875
399,0.21733333,40.895
400,0.21733333,48.2025
401,0.21733333,56.62
402,0.21733333,67.3825
403,0.21733333,75.955
404,0.21733333,88.75
405,0.21733333,98.286
406,0.21733333,110.62666
407,0.21733333,116.3563
408,0.21733333,117.7663
409,0.21733333,118.295
410,0.21733333,118.295
411,0.21733333,118.295
412,0.21733333,118.295
413,0.21733333,118.295
414,0.21733333,118.295
415,0.21733333,118.295
416,0.21733333,118.295
417,0.21733333,118.295
418,0.21733333,118.295
419,0.21733333,118.295
420,0.21733333,118.295
421,0.21733333,118.295
422,0.21733333,118.295
423,0.21733333,118.295
424,0.21733333,118.295
425,0.21733333,118.295
426,0.21733333,118.295
427,0.21733333,118.295
428,0.21733333,118.295
429,0.21733333,118.295
430,0.21733333,118.295
431,0.21733333,118.295
432,0.21733333,118.295
433,0.21733333,118.295
434,0.21733333,118.295
435,0.21733333,118.295
436,0.21733333,118.295
437,0.21733333,118.295
438,0.21733333,118.295
439,0.21733333,118.295
440,0.21733333,118.295
441,0.21733333,118.295
442,0.21733333,118.295
443,0.21733333,118.295
444,0.0,118.295
445,0.21733333,118.295
446,0.21733333,118.295
447,0.21733333,118.295
448,0.21733333,118.295
449,0.21733333,118.295
450,0.21733333,118.295
451,0.21733333,118.295
452,0.21733333,118.295
453,0.0,118.295
454,0.21733333,118.295
455,0.0,118.295
456,0.0,118.295
457,0.21733333,118.295
458,0.21733333,118.295
459,0.21733333,118.295
460,0.0,118.295
461,0.21733333,118.295
462,0.21733333,118.295
463,0.0,118.295
464,0.21733333,118.295
465,0.21733333,118.295
466,0.21733333,118.295
467,0.21733333,118.295
468,0.21733333,118.295
469,0.21733333,118.295
470,0.21733333,118.295
471,0.0,118.295
472,0.21733333,118.295
473,0.0,118.295
474,0.21733333,118.295
475,0.0,118.295
476,0.0,118.295
477,0.0,118.295
478,0.21733333,118.295
479,0.21733333,118.295
480,0.21733333,118.295
481,0.21733333,118.295
482,0.21733333,118.295
483,0.21733333,118.295
484,0.21733333,118.295
485,0.21733333,118.295
486,0.0,118.295
487,0.0,118.295
488,0.21733333,118.295
489,0.0,118.295
490,0.21733333,118.295
491,0.21733333,118.295
492,0.21733333,118.295
493,0.0,118.295
494,0.21733333,118.295
495,0.0,118.295
496,0.21733333,118.295
497,0.21733333,118.295
498,0.21733333,118.295
499,0.0,118.295
500,0.21733333,118.295
501,0.21733333,118.295
502,0.21733333,118.295
503,0.21733333,118.295
504,0.0,118.295
505,0.0,118.295
506,0.0,118.295
507,0.0,118.295
508,0.0,118.295
509,0.21733333,118.295
510,0.0,118.295
511,0.21733333,118.295
512,0.21733333,118.295
513,0.21733333,118.295
514,0.21733333,118.555
515,0.0,118.765
516,0.21733333,118.9425
517,0.21733333,118.0613
518,0.0,115.485
519,0.21733333,109.4
520,0.21733333,97.40833
521,0.0,87.666664
522,0.0,78.26375
523,0.0,66.71375
524,0.0,58.27
525,0.21733333,50.275
526,0.0,42.8675
527,0.21733333,33.931873
528,0.21733333,28.49875
529,0.21733333,21.049376
530,0.0,15.55625
531,0.21733333,10.84
532,0.0,6.76875
533,0.21733333,4.2625
534,0.21733333,1.956
535,0.0,0.8693333
536,0.21733333,0.21733333
537,0.21733333,0.21733333
538,0.0,0.21733333
539,0.21733333,0.21733333
540,0.0,0.21733333
541,0.21733333,0.0
542,0.0,0.0
543,0.21733333,0.0
544,0.21733333,0.0
545,0.0,0.21733333
546,0.21733333,0.21733333
547,0.21733333,0.0
548,0.0,0.0
549,0.21733333,0.0
550,0.0,0.21733333
551,0.21733333,0.0
552,0.21733333,0.0
553,0.21733333,0.0
554,0.0,0.21733333
555,0.0,0.21733333
556,0.0,0.0
557,0.0,0.0
558,0.0,0.21733333
559,0.0,0.21733333
560,0.0,0.0
561,0.0,0.0
562,0.21733333,0.21733333
563,0.0,0.0
564,0.0,0.21733333
565,0.21733333,0.21733333
566,0.0,0.0
567,0.0,0.21733333
568,0.21733333,0.21733333
569,0.0,0.0
570,0.0,0.0
571,0.0,0.0
572,0.0,0.0
573,0.0,0.0
574,0.0,0.0
575,0.0,0.0
576,0.0,0.0
577,0.0,0.0
578,0.0,0.0
579,0.0,0.0
580,0.0,0.0
581,0.0,0.0
582,0.0,0.0
583,0.0,0.0
584,0.0,0.0
585,0.0,0.0
586,0.0,0.0
587,0.0,0.0
588,0.0,0.0
589,0.0,0.0
590,0.0,0.0
591,0.0,0.0
592,0.0,0.0
593,0.0,0.0
594,0.0,0.0
595,0.0,0.0
596,0.0,0.0
597,0.0,0.0
598,0.0,0.0
599,0.0,0.0
600,0.0,0.0
601,0.0,0.0
602,0.0,0.0
603,0.0,0.0
604,0.0,0.0
605,0.0,0.0
606,0.0,0.0
607,0.0,0.0
608,0.0,0.0
609,0.0,0.0
610,0.0,0.0
611,0.0,0.0
612,0.0,0.0
613,0.0,0.0
614,0.0,0.0
615,0.0,0.0
616,0.0,0.0
617,0.0,0.0
618,0.0,0.0
619,0.0,0.0
620,0.0,0.0
621,0.0,0.0
622,0.0,0.0
623,0.0,0.0
624,0.0,0.0
625,0.0,0.0
626,0.0,0.0
627,0.0,0.0
628,0.0,0.0
629,0.0,0.0
630,0.0,0.0
631,0.0,0.0
632,0.0,0.0
633,0.0,0.0
634,0.0,0.0
635,0.0,0.0
636,0.0,0.0
637,0.0,0.0
638,0.0,0.0
639,0.0,0.0
640,0.0,0.0
641,0.0,0.0
642,0.0,0.0
643,0.0,0.0
644,0.0,0.0
645,0.0,0.0
646,0.0,0.0
647,0.0,0.0
648,0.0,0.0
649,0.0,0.0
650,0.0,0.0
651,0.0,0.0
652,0.0,0.0
653,0.0,0.0
654,0.0,0.0
655,0.0,0.0
656,0.0,0.0
657,0.0,0.0
658,0.0,0.0
659,0.0,0.0
660,0.0,0.0
661,0.0,0.0
662,0.0,0.0
663,0.0,0.0
664,0.0,0.0
665,0.21733333,0.21733333
666,0.21733333,0.43466666
667,0.21733333,0.21733333
668,0.21733333,0.21733333
669,0.21733333,0.21733333
670,0.21733333,0.21733333
671,0.21733333,0.0
672,0.21733333,0.21733333
673,0.21733333,0.21733333
674,0.21733333,0.21733333
675,0.21733333,0.21733333
676,0.21733333,0.21733333
677,0.21733333,0.21733333
678,0.21733333,0.21733333
679,0.21733333,0.21733333
680,0.21733333,0.0
681,0.21733333,0.21733333
682,0.067333326,0.21733333
683,-0.3926667,0.21733333
684,-0.4653333,0.0
685,0.30400002,0.0
686,1.608,0.21733333
687,3.76375,0.21733333
688,6.27,0.0
689,10.51375,0.0
690,14.893125,0.0
691,20.925625,0.21733333
692,28.25,0.21733333
693,33.783127,0.0
694,42.84,0.0
695,49.81125,0.0
696,58.57,0.21733333
697,69.6075,0.0
698,77.91812,0.0
699,88.0,0.21733333
700,97.708,0.0
701,110.31333,0.21733333
702,116.3563,0.0
703,117.9425,0.0
704,118.6475,0.21733333
705,119.0,0.0
706,119.0,0.21733333
707,119.0,0.21733333
708,119.0,0.21733333
709,119.0,0.21733333
710,119.0,0.21733333
711,119.0,0.21733333
712,119.0,0.21733333
713,119.0,0.21733333
714,119.0,0.0
715,119.0,0.21733333
716,119.0,0.21733333
717,119.0,0.21733333
718,119.0,0.21733333
719,119.0,0.0
720,119.0,0.21733333
721,119.0,0.21733333
722,119.0,0.21733333
723,119.0,0.21733333
724,119.0,0.21733333
725,119.0,0.21733333
726,119.0,0.21733333
727,119.0,0.0
728,119.0,0.21733333
729,119.0,0.21733333
730,119.0,0.0
731,119.0,0.0
732,119.0,0.21733333
733,119.0,0.0
734,119.0,0.0
735,119.0,0.21733333
736,119.0,0.21733333
737,119.0,0.21733333
738,119.0,0.0
739,119.0,0.0
740,119.0,0.21733333
741,119.0,0.0
742,119.0,0.0
743,119.0,0.21733333
744,119.0,0.0
745,119.0,0.21733333
746,119.0,0.21733333
747,119.0,0.21733333
748,119.0,0.21733333
749,119.0,0.0
750,119.0,0.0
751,119.0,0.21733333
752,119.0,0.0
753,119.0,0.0
754,119.0,0.0
755,119.0,0.21733333
756,119.0,0.21733333
757,119.0,0.21733333
758,119.0,0.0
759,119.0,0.21733333
760,119.0,0.21733333
761,119.0,0.0
762,119.0,0.21733333
763,119.0,0.0
764,119.0,0.21733333
765,119.0,0.0
766,119.0,0.0
767,119.0,0.21733333
768,119.0,0.21733333
769,119.0,0.0
770,119.0,0.0
771,119.0,0.0
772,119.0,0.21733333
773,119.0,0.0
774,119.0,0.0
775,119.0,0.21733333
776,119.0,0.0
777,119.0,0.21733333
778,119.0,0.21733333
779,119.0,0.0
780,119.0,0.0
781,119.0,0.0
782,119.0,0.0
783,119.0,0.21733333
784,119.0,0.21733333
785,119.0,0.0
786,119.0,0.21733333
787,119.0,0.21733333
788,119.0,0.21733333
789,119.0,0.21733333
790,119.0,0.21733333
791,119.0,0.21733333
792,119.0,0.0
793,119.0,0.21733333
794,119.0,0.0
795,119.0,0.0
796,119.0,0.0
797,119.0,0.21733333
798,119.0,0.21733333
799,119.0,0.21733333
800,119.0,0.21733333
801,119.0,0.0
802,119.0,0.21733333
803,119.0,0.21733333
804,119.0,0.0
805,119.0,0.21733333
806,119.0,0.21733333
807,119.0,0.0
808,119.0,0.0
809,119.0,0.0
810,119.0,0.0
811,119.0,0.0
812,119.0,0.0
813,119.0,0.0
814,119.0,0.21733333
815,119.0,0.21733333
816,119.0,0.21733333
817,119.0,0.21733333
818,119.0,0.0
819,119.0,0.0
820,119.0,0.21733333
821,119.0,0.0
822,119.0,0.0
823,119.0,0.21733333
824,119.0,0.0
825,119.0,0.0
826,119.0,0.0
827,119.15,0.21733333
828,119.83,0.21733333
829,120.0,0.21733333
830,119.6475,0.0
831,118.7663,0.21733333
832,117.7088,0.0
833,111.31333,0.21733333
834,101.02,0.0
835,89.0,0.0
836,78.91812,0.21733333
837,70.05125,0.0
838,59.57,0.21733333
839,50.81125,0.21733333
840,40.9225,0.21733333
841,34.783127,0.0
842,26.99625,0.21733333
843,23.615625,0.21733333
844,15.893125,0.21733333
845,11.176875,0.0
846,8.1625,0.21733333
847,4.513125,0.21733333
848,2.608,0.21733333
849,0.8693333,0.21733333
850,0.21733333,0.21733333
851,0.21733333,0.21733333
852,0.21733333,0.0
853,0.21733333,0.21733333
854,0.21733333,0.21733333
855,0.21733333,0.0
856,0.21733333,0.0
857,0.21733333,0.0
858,0.21733333,0.0
859,0.21733333,0.0
860,0.21733333,0.21733333
861,0.21733333,0.21733333
862,0.21733333,0.0
863,0.21733333,0.21733333
864,0.21733333,0.0
865,0.21733333,0.0
866,0.21733333,0.0
867,0.21733333,0.21733333
868,0.21733333,0.21733333
869,0.21733333,0.0
870,0.21733333,0.0
871,0.21733333,0.21733333
872,0.21733333,0.0
873,0.21733333,0.21733333
874,0.21733333,0.0
875,0.21733333,0.21733333
876,0.21733333,0.0
877,0.21733333,0.0
878,0.21733333,0.21733333
879,0.21733333,0.21733333
880,0.21733333,0.21733333
881,0.21733333,0.0
882,0.21733333,0.0
883,0.21733333,0.21733333
884,0.21733333,0.0
885,0.0,0.0
886,0.0,0.0
887,0.0,0.0
888,0.0,0.0
889,0.0,0.0
890,0.0,0.0
891,0.0,0.0
892,0.0,0.0
893,0.0,0.0
894,0.0,0.0
895,0.0,0.0
896,0.0,0.0
897,0.0,0.0
898,0.0,0.0
899,0.0,0.0
900,0.0,0.0
901,0.0,0.0
902,0.0,0.0
903,0.0,0.0
904,0.0,0.0
905,0.0,0.0
906,0.0,0.0
907,0.0,0.0
908,0.0,0.0
909,0.0,0.0
910,0.0,0.0
911,0.0,0.0
912,0.0,0.0
913,0.0,0.0
914,0.0,0.0
915,0.0,0.0
916,0.0,0.0
917,0.0,0.0
918,0.0,0.0
919,0.0,0.0
920,0.0,0.0
921,0.0,0.0
922,0.0,0.0
923,0.0,0.0
924,0.0,0.0
925,0.0,0.0
926,0.0,0.0
927,0.0,0.0
928,0.0,0.0
929,0.0,0.0
930,0.0,0.0
931,0.0,0.0
932,0.0,0.0
933,0.0,0.0
934,0.0,0.0
935,0.0,0.0
936,0.0,0.0
937,0.0,0.0
938,0.0,0.0
939,0.0,0.0
940,0.0,0.0
941,0.0,0.0
942,0.0,0.0
943,0.0,0.0
944,0.0,0.0
945,0.0,0.0
946,0.0,0.0
947,0.0,0.0
948,0.0,0.0
949,0.0,0.0
950,0.0,0.0
951,0.0,0.0
952,0.0,0.0
953,0.0,0.0
954,0.0,0.0
955,0.0,0.0
956,0.0,0.0
957,0.0,0.0
958,0.0,0.0
959,0.0,0.0
960,0.0,0.0
961,0.0,0.0
962,0.0,0.0
963,0.0,0.0
964,0.0,0.0
965,0.0,0.0
966,0.0,0.0
967,0.0,0.0
968,0.0,0.0
969,0.0,0.0
970,0.0,0.0
971,0.0,0.0
972,0.0,0.0
973,0.0,0.0
974,0.0,0.0
975,0.0,0.0
976,0.0,0.0
977,0.0,0.0
978,0.0,0.0
979,0.0,0.0
980,0.0,0.0
981,0.0,0.0
982,0.0,0.0
983,0.0,0.0
984,0.0,0.0
985,0.0,0.0
986,0.0,0.0
987,0.0,0.0
988,0.0,0.0
989,0.0,0.0
990,0.0,0.0
991,0.0,0.0
992,0.0,0.0
993,0.0,0.0
994,0.0,0.0
995,0.0,0.0
996,0.0,0.0
997,0.0,0.0
998,0.0,0.0
999,0.0,0.0
1000,0.0,0.0
1001,0.0,0.0
1002,0.0,0.0
1003,0.0,0.0
1004,0.0,0.0
1005,0.0,0.0
1006,0.0,0.0
1007,0.0,0.0
1008,0.0,0.0
1009,0.0,0.0
1010,0.0,0.0
1011,0.0,0.0
1012,0.0,0.0
1013,0.0,0.0
1014,0.0,0.0
1015,0.0,0.0
1016,0.0,0.0
1017,0.0,0.0
1018,0.0,0.0
1019,0.0,0.0
1020,0.0,0.0
1021,0.0,0.0
1022,0.0,0.0
1023,0.0,0.0
1024,0.0,0.0
1025,0.0,0.0
1026,0.0,0.0
1027,0.0,0.0
1028,0.0,0.0
1029,0.0,0.0
1030,0.0,0.0
1031,0.0,0.0
1032,0.0,0.0
1033,0.0,0.0
1034,0.0,0.0
1035,0.0,0.0
1036,0.0,0.0
1037,0.0,0.0
1038,0.0,0.0
1039,0.0,0.0
1040,0.0,0.0
1041,0.0,0.0
1042,0.0,0.0
1043,0.0,0.0
1044,0.0,0.0
1045,0.0,0.0
1046,0.0,0.0
1047,0.0,0.0
1048,0.0,0.0
1049,0.0,0.0
1050,0.0,0.0
1051,0.0,0.0
1052,0.0,0.0
1053,0.0,0.0
1054,0.0,0.0
1055,0.0,0.0
1056,0.0,0.0
1057,0.0,0.0
1058,0.0,0.0
1059,0.0,0.0
1060,0.0,0.0
1061,0.0,0.0
1062,0.0,0.0
1063,0.0,0.0
1064,0.0,0.0
1065,0.0,0.0
1066,0.0,0.0
1067,0.0,0.0
1068,0.0,0.0
1069,0.0,0.0
1070,0.0,0.0
1071,0.0,0.0
1072,0.0,0.0
1073,0.0,0.0
1074,0.0,0.0
1075,0.0,0.0
1076,0.0,0.0
1077,0.0,0.0
1078,0.0,0.0
1079,0.0,0.0
1080,0.0,0.0
1081,0.0,0.0
1082,0.0,0.0
1083,0.0,0.0
1084,0.0,0.0
1085,0.0,0.0
1086,0.0,0.0
1087,0.0,0.0
1088,0.0,0.0
1089,0.0,0.0
1090,0.0,0.0
1091,0.0,0.0
1092,0.0,0.0
1093,0.0,0.0
1094,0.0,0.0
1095,0.0,0.0
1096,0.0,0.0
1097,0.0,0.0
1098,0.0,0.0
1099,0.0,0.0
1100,0.0,0.0
1101,0.0,0.0
1102,0.0,0.0
1103,0.0,0.0
1104,0.0,0.0
1105,0.0,0.0
1106,0.0,0.0
1107,0.0,0.0
1108,0.0,0.0
1109,0.0,0.0
1110,0.0,0.0
1111,0.0,0.0
1112,0.0,0.0
1113,0.0,0.0
1114,0.0,0.0
1115,0.0,0.0
1116,0.0,0.0
1117,0.0,0.0
1118,0.0,0.0
1119,0.0,0.0
1120,0.0,0.0
1121,0.0,0.0
1122,0.0,0.0
1123,0.0,0.0
1124,0.0,0.0
1125,0.0,0.0
1126,0.0,0.0
1127,0.0,0.0
1128,0.0,0.0
1129,0.0,0.0
1130,0.0,0.0
1131,0.0,0.0
1132,0.0,0.0
1133,119.0,0.43466666
1134,119.0,0.43466666
1135,119.0,0.21733333
1136,119.0,0.21733333
1137,119.0,0.0
1138,119.0,0.21733333
1139,119.0,0.21733333
1140,119.0,0.21733333
1141,119.0,0.21733333
1142,119.0,0.0
1143,119.0,0.0
1144,119.0,0.21733333
1145,119.0,0.21733333
1146,119.0,0.21733333
1147,119.0,0.21733333
1148,119.0,0.21733333
1149,119.0,0.0
1150,119.0,0.21733333
1151,119.0,0.0
1152,119.0,0.21733333
1153,119.0,0.21733333
1154,119.0,0.21733333
1155,119.0,0.21733333
1156,119.0,0.21733333
1157,119.0,0.21733333
1158,119.0,0.21733333
1159,119.0,0.21733333
1160,119.0,0.0
1161,119.0,0.21733333
1162,119.0,0.21733333
1163,119.0,0.21733333
1164,119.0,0.21733333
1165,119.0,0.21733333
1166,119.0,0.21733333
1167,119.0,0.21733333
1168,119.0,0.21733333
1169,119.0,0.21733333
1170,119.0,0.21733333
1171,119.0,0.21733333
1172,119.0,0.21733333
1173,119.0,0.0
1174,119.0,0.21733333
1175,119.0,0.21733333
1176,119.0,0.21733333
1177,119.0,0.21733333
1178,119.0,0.0
1179,119.0,0.21733333
1180,119.0,0.0
1181,119.0,0.21733333
1182,119.0,0.0
1183,119.0,0.0
1184,119.0,0.0
1185,119.0,0.0
1186,119.0,0.0
1187,119.1,0.21733333
1188,119.87,0.0
1189,119.6475,0.0
1190,118.9425,0.21733333
1191,117.5325,0.21733333
1192,111.62666,0.21733333
1193,102.42,0.21733333
1194,90.5,0.21733333
1195,80.226875,0.0
1196,68.93875,0.21733333
1197,63.37625,0.21733333
1198,51.88375,0.21733333
1199,44.37625,0.21733333
1200,38.005,0.0
1201,29.675625,0.21733333
1202,22.801874,0.21733333
1203,16.668125,0.21733333
1204,11.850625,0.21733333
1205,7.493125,0.21733333
1206,5.014375,0.21733333
1207,2.8253334,0.0
1208,1.304,0.0
1209,0.43466666,0.21733333
1210,0.21733333,0.21733333
1211,0.21733333,0.21733333
1212,0.21733333,0.21733333
1213,0.21733333,0.21733333
1214,0.21733333,0.0
1215,0.21733333,0.21733333
1216,0.21733333,0.0
1217,0.21733333,0.0
1218,0.21733333,0.21733333
1219,0.21733333,0.21733333
1220,0.21733333,0.21733333
1221,0.21733333,0.21733333
1222,0.21733333,0.0
1223,0.21733333,0.21733333
1224,0.21733333,0.21733333
1225,0.21733333,0.21733333
1226,0.21733333,0.21733333
1227,0.21733333,0.0
1228,0.21733333,0.0
1229,0.21733333,0.0
1230,0.21733333,0.21733333
1231,0.21733333,0.0
1232,0.21733333,0.21733333
1233,0.21733333,0.21733333
1234,0.21733333,0.21733333
1235,0.21733333,0.21733333
1236,0.21733333,0.0
1237,0.21733333,0.0
1238,0.21733333,0.0
1239,0.21733333,0.0
1240,0.21733333,0.0
1241,0.21733333,0.21733333
1242,0.21733333,0.21733333
1243,0.21733333,0.0
1244,0.21733333,0.21733333
1245,0.21733333,0.21733333
1246,0.21733333,0.0
1247,0.21733333,0.0
1248,0.21733333,0.0
1249,0.0,0.0
1250,0.0,0.0
1251,0.0,0.0
1252,0.0,0.0
1253,0.0,0.0
1254,0.0,0.0
1255,0.0,0.0
1256,0.0,0.0
1257,0.0,0.0
1258,0.0,0.0
1259,0.0,0.0
1260,0.0,0.0
1261,0.0,0.0
1262,0.0,0.0
1263,0.0,0.0
1264,0.0,0.0
1265,0.0,0.0
1266,0.0,0.0
1267,0.0,0.0
1268,0.0,0.0
1269,0.0,0.0
1270,0.0,0.0
1271,0.0,0.0
1272,0.0,0.0
1273,0.0,0.0
1274,0.0,0.0
1275,0.0,0.0
1276,0.0,0.0
1277,0.0,0.0
1278,0.0,0.0
1279,0.0,0.0
1280,0.0,0.0
1281,0.0,0.0
1282,0.0,0.0
1283,0.0,0.0
1284,0.0,0.0
1285,0.0,0.0
1286,0.0,0.0
1287,0.0,0.0
1288,0.0,0.0
1289,0.0,0.0
1290,0.0,0.0
1291,0.0,0.0
1292,0.0,0.0
1293,0.0,0.0
1294,0.0,0.0
1295,0.0,0.0
1296,0.0,0.0
1297,0.0,0.0
1298,0.0,0.0
1299,0.0,0.0
1300,0.0,0.0
1301,0.0,0.0
1302,0.0,0.0
1303,0.0,0.0
1304,0.0,0.0
1305,0.0,0.0
1306,0.0,0.0
1307,0.0,0.0
1308,0.0,0.0
1309,0.0,0.0
1310,0.0,0.0
1311,0.0,0.0
1312,0.0,0.0
1313,0.0,0.0
1314,0.0,0.0
1315,0.0,0.0
1316,0.0,0.0
1317,0.0,0.0
1318,0.0,0.0
1319,0.0,0.0
1320,0.0,0.0
1321,0.0,0.0
1322,0.0,0.0
1323,0.0,0.0
1324,0.0,0.0
1325,0.0,0.0
1326,0.0,0.0
1327,0.0,0.0
1328,0.0,0.0
1329,0.0,0.0
1330,0.0,0.0
1331,0.0,0.0
1332,0.0,0.0
1333,0.0,0.0
1334,0.0,0.0
1335,0.0,0.0
1336,0.0,0.0
1337,0.0,0.0
1338,0.0,0.0
1339,0.0,0.0
1340,0.0,0.0
1341,0.0,0.0
1342,0.0,0.0
1343,0.0,0.0
1344,0.0,0.0
1345,0.0,0.0
1346,0.0,0.0
1347,0.0,0.0
1348,0.0,0.0
1349,0.0,0.0
1350,0.0,0.0
1351,0.0,0.0
1352,0.0,0.0
1353,0.0,0.0
1354,0.0,0.0
1355,0.0,0.0
1356,0.0,0.0
1357,0.0,0.0
1358,0.0,0.0
1359,0.0,0.0
1360,0.0,0.0
1361,0.0,0.0
1362,0.0,0.0
1363,0.0,0.0
1364,0.0,0.0
1365,0.0,0.0
1366,0.0,0.0
1367,0.0,0.0
1368,0.0,0.0
1369,0.0,0.0
1370,0.0,0.0
1371,0.0,0.0
1372,0.0,0.0
1373,0.0,0.0
1374,0.0,0.0
1375,0.0,0.0
1376,0.0,0.0
1377,0.0,0.0
1378,0.0,0.0
1379,0.0,0.0
1380,0.0,0.0
1381,0.0,0.0
1382,0.0,0.0
1383,0.0,0.0
1384,0.0,0.0
1385,0.0,0.0
1386,0.0,0.0
1387,0.0,0.0
1388,0.0,0.0
1389,0.0,0.0
1390,0.0,0.0
1391,0.0,0.0
1392,0.0,0.0
1393,0.0,0.0
1394,0.0,0.0
1395,0.0,0.0
1396,0.0,0.0
1397,0.0,0.0
1398,0.0,0.0
1399,0.0,0.0
1400,0.0,0.0
1401,0.0,0.0
1402,0.0,0.0
1403,0.0,0.0
1404,0.0,0.0
1405,0.0,0.0
1406,0.0,0.0
1407,0.0,0.0
1408,0.0,0.0
1409,0.0,0.0
1410,0.0,0.0
1411,0.0,0.0
1412,0.0,0.0
1413,0.0,0.0
1414,0.0,0.0
1415,0.0,0.0
1416,0.0,0.0
1417,0.0,0.0
1418,0.0,0.0
1419,0.0,0.0
1420,0.0,0.0
1421,0.0,0.0
1422,0.0,0.0
1423,0.0,0.0
1424,0.0,0.0
1425,0.0,0.0
1426,0.0,0.0
1427,0.0,0.0
1428,0.0,0.0
1429,0.0,0.0
1430,0.0,0.0
1431,0.0,0.0
1432,0.0,0.0
1433,0.0,0.0
1434,0.0,0.0
1435,0.0,0.0
1436,0.0,0.0
1437,0.0,0.0
1438,0.0,0.0
1439,0.0,0.0
1440,0.0,0.0
1441,0.0,0.0
1442,0.0,0.0
1443,0.0,0.0
1444,0.0,0.0
1445,0.0,0.0
1446,0.0,0.0
1447,0.0,0.0
1448,0.0,0.0
1449,0.0,0.0
1450,0.0,0.0
1451,0.0,0.0
1452,0.0,0.0
1453,0.0,0.0
1454,0.0,0.0
1455,0.0,0.0
1456,0.0,0.0
1457,0.0,0.0
1458,0.0,0.0
1459,0.0,0.0
1460,0.0,0.0
1461,0.0,0.0
1462,0.0,0.0
1463,0.0,0.0
1464,0.0,0.0
1465,0.0,0.0
1466,0.0,0.0
1467,0.0,0.0
1468,0.0,0.0
1469,0.0,0.0
1470,0.0,0.0
1471,0.0,0.0
1472,0.0,0.0
1473,0.0,0.0
1474,0.0,0.0
1475,0.0,0.0
1476,0.0,0.0
1477,0.0,0.0
1478,0.0,0.0
1479,0.0,0.0
1480,0.0,0.0
1481,0.0,0.0
1482,0.0,0.0
1483,0.0,0.0
1484,0.0,0.0
1485,0.0,0.0
1486,0.0,0.0
1487,0.0,0.0
1488,0.0,0.0
1489,0.0,0.0
1490,0.0,0.0
1491,0.0,0.0
1492,0.0,0.0
1493,0.0,0.0
1494,0.0,0.0
1495,0.0,0.0
1496,0.0,0.0
1497,0.0,0.0
1498,0.0,0.0
1499,0.0,0.0
1500,0.0,0.0
1501,0.0,0.0
1502,0.0,0.0
1503,0.0,0.0
1504,0.0,0.0
1505,0.0,0.0
1506,0.0,0.0
1507,0.0,0.0
1508,0.0,0.0
1509,0.0,0.0
1510,0.0,0.0
1511,0.0,0.0
1512,0.0,0.0
1513,0.0,0.0
1514,0.0,0.0
1515,0.0,0.0
1516,0.0,0.0
1517,0.0,0.0
1518,0.0,0.0
1519,0.0,0.0
1520,0.0,0.0
1521,0.0,0.0
1522,0.0,0.0
1523,0.0,0.0
1524,0.0,0.0
1525,0.0,0.0
1526,0.0,0.0
1527,0.0,0.0
1528,0.0,0.0
1529,0.0,0.0
1530,0.0,0.0
1531,0.0,0.0
1532,0.0,0.0
1533,0.0,0.0
1534,0.0,0.0
1535,0.0,0.0
1536,0.0,0.0
1537,0.0,0.0
1538,0.0,0.0
1539,0.0,0.0
1540,0.0,0.0
1541,0.0,0.0
1542,0.0,0.0
1543,0.0,0.0
1544,0.0,0.0
1545,0.0,0.0
1546,0.0,0.0
1547,0.0,0.0
1548,0.0,0.0
1549,0.0,0.0
1550,0.0,0.0
1551,0.0,0.0
1552,0.0,0.0
1553,0.0,0.0
1554,0.0,0.0
1555,0.0,0.0
1556,0.0,0.0
1557,0.0,0.0
1558,0.0,0.0
1559,0.0,0.0
1560,0.0,0.0
1561,0.0,0.0
1562,0.0,0.0
1563,0.0,0.0
1564,0.0,0.0
1565,0.0,0.0
1566,0.0,0.0
1567,0.0,0.0
1568,0.0,0.0
1569,0.0,0.0
1570,0.0,0.0
1571,0.0,0.0
1572,0.0,0.0
1573,0.0,0.0
1574,0.0,0.0
1575,0.0,0.0
1576,0.0,0.0
1577,0.0,0.0
1578,0.0,0.0
1579,0.0,0.0
1580,0.0,0.0
1581,0.0,0.0
1582,0.0,0.0
1583,0.0,0.0
1584,0.0,0.0
1585,0.0,0.0
1586,0.0,0.0
1587,0.0,0.0
1588,0.0,0.0
1589,0.0,0.0
1590,0.0,0.0
1591,0.0,0.0
1592,0.0,0.0
1593,0.0,0.0
1594,0.0,0.0
1595,0.0,0.0
1596,0.0,0.0
1597,0.0,0.0
1598,0.0,0.0
1599,0.0,0.0
1600,0.0,0.0
1601,0.0,0.0
1602,0.0,0.0
1603,0.0,0.0
1604,0.0,0.0
1605,0.0,0.0
1606,0.0,0.0
1607,0.0,0.0
1608,0.0,0.0
1609,0.0,0.0
1610,0.0,0.0
1611,0.0,0.0
1612,0.0,0.0
1613,0.0,0.0
1614,0.0,0.0
1615,0.0,0.0
1616,0.0,0.0
1617,0.0,0.0
1618,0.0,0.0
1619,0.0,0.0
1620,0.0,0.0
1621,0.0,0.0
1622,0.0,0.0
1623,0.0,0.0
1624,0.0,0.0
1625,0.0,0.0
1626,0.0,0.0
1627,0.0,0.0
1628,0.0,0.0
1629,0.0,0.0
1630,0.0,0.0
1631,0.0,0.0
1632,0.0,0.0
1633,0.0,0.0
1634,0.0,0.0
1635,0.0,0.0
1636,0.0,0.0
1637,0.0,0.0
1638,0.0,0.0
1639,0.0,0.0
1640,0.0,0.0
1641,0.0,0.0
1642,0.0,0.0
1643,0.0,0.0
1644,0.0,0.0
1645,0.0,0.0
1646,0.0,0.0
1647,0.0,0.0
1648,0.0,0.0
1649,0.0,0.0
1650,0.0,0.0
1651,0.0,0.0
1652,0.0,0.0
1653,0.0,0.0
1654,0.0,0.0
1655,0.0,0.0
1656,0.0,0.0
1657,0.0,0.0
1658,0.0,0.0
1659,0.0,0.0
1660,0.0,0.0
1661,0.0,0.0
1662,0.0,0.0
1663,0.0,0.0
1664,0.0,0.0
1665,0.0,0.0
1666,0.0,0.0
1667,0.0,0.0
1668,0.0,0.0
1669,0.0,0.0
1670,0.0,0.0
1671,0.0,0.0
1672,0.0,0.0
1673,0.0,0.0
1674,0.0,0.0
1675,0.0,0.0
1676,0.0,0.0
1677,0.0,0.0
1678,0.0,0.0
1679,0.0,0.0
1680,0.0,0.0
1681,0.0,0.0
1682,0.0,0.0
1683,0.0,0.0
1684,0.0,0.0
1685,0.0,0.0
1686,0.0,0.0
1687,0.0,0.0
1688,0.0,0.0
1689,0.0,0.0
1690,0.0,0.0
1691,0.0,0.0
1692,0.0,0.0
1693,0.0,0.0
1694,0.0,0.0
1695,0.0,0.0
1696,0.0,0.0
1697,0.0,0.0
1698,0.0,0.0
1699,0.0,0.0
1700,0.0,0.0
1701,0.0,0.0
1702,0.0,0.0
1703,0.0,0.0
1704,0.0,0.0
1705,0.0,0.0
1706,0.0,0.0
1707,0.0,0.0
1708,0.0,0.0
1709,0.0,0.0
1710,0.0,0.0
1711,0.0,0.0
1712,0.0,0.0
1713,0.0,0.0
1714,0.0,0.0
1715,0.0,0.0
1716,0.0,0.0
1717,0.0,0.0
1718,0.0,0.0
1719,0.0,0.0
1720,0.0,0.0
1721,0.0,0.0
1722,0.0,0.0
1723,0.0,0.0
1724,0.0,0.0
1725,0.0,0.0
1726,0.0,0.0
1727,0.0,0.0
1728,0.0,0.0
1729,0.0,0.0
1730,0.0,0.0
1731,0.0,0.0
1732,0.0,0.0
1733,0.0,0.0
1734,0.0,0.0
1735,0.0,0.0
1736,0.0,0.0
1737,0.0,0.0
1738,0.0,0.0
1739,0.0,0.0
1740,0.0,0.0
1741,0.0,0.0
1742,0.0,0.0
1743,0.0,0.0
1744,0.0,0.0
1745,0.0,0.0
1746,0.0,0.0
1747,0.0,0.0
1748,0.0,0.0
1749,0.0,0.0
1750,0.0,0.0
1751,0.0,0.0
1752,0.0,0.0
1753,0.0,0.0
1754,0.0,0.0
1755,0.0,0.0
1756,0.0,0.0
1757,0.0,0.0
1758,0.0,0.0
1759,0.0,0.0
1760,0.0,0.0
1761,0.0,0.0
1762,0.0,0.0
1763,0.0,0.0
1764,0.0,0.0
1765,0.0,0.0
1766,0.0,0.0
1767,0.0,0.0
1768,0.0,0.0
1769,0.0,0.0
1770,0.0,0.0
1771,0.0,0.0
1772,0.0,0.0
1773,0.0,0.0
1774,0.0,0.0
1775,0.0,0.0
1776,0.0,0.0
1777,0.0,0.0
1778,0.0,0.0
1779,0.0,0.0
1780,0.0,0.0
1781,0.0,0.0
1782,0.0,0.0
1783,0.0,0.0
1784,0.0,0.0
1785,0.0,0.0
1786,0.0,0.0
1787,0.0,0.0
1788,0.0,0.0
1789,0.0,0.0
1790,0.0,0.0
1791,0.0,0.0
1792,0.0,0.0
1793,0.0,0.0
1794,0.0,0.0
1795,0.0,0.0
1796,0.0,0.0
1797,0.0,0.0
1798,0.0,0.0
1799,0.0,0.0
1800,0.0,0.0
1801,0.0,0.0
1802,0.0,0.0
1803,0.0,0.0
1804,0.0,0.0
1805,0.0,0.0
1806,0.0,0.0
1807,0.0,0.0
1808,0.0,0.0
1809,0.0,0.0
1810,0.0,0.0
1811,0.0,0.0
1812,0.0,0.0
1813,0.0,0.0
1814,0.0,0.0
1815,0.0,0.0
1816,0.0,0.0
1817,0.0,0.0
1818,0.0,0.0
1819,0.0,0.0
1820,0.0,0.0
1821,0.0,0.0
1822,0.0,0.0
1823,0.0,0.0
1824,0.0,0.0
1825,0.0,0.0
1826,0.0,0.0
1827,0.0,0.0
1828,0.0,0.0
1829,0.0,0.0
1830,0.0,0.0
1831,0.0,0.0
1832,0.0,0.0
1833,0.0,0.0
1834,0.0,0.0
1835,0.0,0.0
1836,0.0,0.0
1837,0.0,0.0
1838,0.0,0.0
1839,0.0,0.0
1840,0.0,0.0
1841,0.0,0.0
1842,0.0,0.0
1843,0.0,0.0
1844,0.0,0.0
1845,0.0,0.0
1846,0.0,0.0
1847,0.0,0.0
1848,0.0,0.0
1849,0.0,0.0
1850,0.0,0.0
1851,0.0,0.0
1852,0.0,0.0
1853,0.0,0.0
1854,0.0,0.0
1855,0.0,0.0
1856,0.0,0.0
1857,0.0,0.0
1858,0.0,0.0
1859,0.0,0.0
1860,0.0,0.0
1861,0.0,0.0
1862,0.0,0.0
1863,0.0,0.0
1864,0.0,0.0
1865,0.0,0.0
1866,0.0,0.0
1867,0.0,0.0
1868,0.0,0.0
1869,0.0,0.0
1870,0.0,0.0
1871,0.0,0.0
1872,0.0,0.0
1873,0.0,0.0
1874,0.0,0.0
1875,0.0,0.0
1876,0.0,0.0
1877,0.0,0.0
1878,0.43466666,0.21733333
1879,0.43466666,0.21733333
1880,0.21733333,0.21733333
1881,0.21733333,0.0
1882,0.21733333,0.21733333
1883,0.21733333,0.0
1884,0.21733333,0.0
1885,0.21733333,0.21733333
1886,0.21733333,0.21733333
1887,0.21733333,0.21733333
1888,0.21733333,0.21733333
1889,0.21733333,0.21733333
1890,0.21733333,0.21733333
1891,0.21733333,0.21733333
1892,0.21733333,0.21733333
1893,0.21733333,0.21733333
1894,0.21733333,0.21733333
1895,0.21733333,0.21733333
1896,0.21733333,0.21733333
1897,0.21733333,0.21733333
1898,0.21733333,0.21733333
1899,0.21733333,0.21733333
1900,0.21733333,0.0
1901,0.21733333,0.0
1902,0.21733333,0.21733333
1903,0.21733333,0.0
1904,0.21733333,0.0
1905,0.21733333,0.21733333
1906,0.21733333,0.21733333
1907,0.21733333,0.21733333
1908,0.21733333,0.21733333
1909,0.21733333,0.0
1910,0.21733333,0.0
1911,0.21733333,0.21733333
1912,0.21733333,0.0
1913,0.21733333,0.0
1914,0.21733333,0.21733333
1915,0.21733333,0.0
1916,0.21733333,0.21733333
1917,0.21733333,0.21733333
1918,0.21733333,0.0
1919,0.21733333,0.21733333
1920,0.21733333,0.21733333
1921,0.21733333,0.21733333
1922,0.21733333,0.0
1923,0.21733333,0.21733333
1924,0.21733333,0.0
1925,0.21733333,0.21733333
1926,0.21733333,0.21733333
1927,0.21733333,0.21733333
1928,0.21733333,0.0
1929,0.21733333,0.21733333
1930,0.21733333,0.0
1931,0.21733333,0.21733333
1932,0.21733333,0.0
1933,0.21733333,0.0
1934,0.21733333,0.21733333
1935,0.21733333,0.0
1936,0.21733333,0.21733333
1937,0.21733333,0.0
1938,0.21733333,0.0
1939,0.21733333,-0.57
1940,0.21733333,-0.68266666
1941,0.21733333,-0.13066667
1942,0.21733333,1.608
1943,0.21733333,3.513125
1944,0.21733333,6.019375
1945,0.21733333,9.84
1946,0.21733333,14.55625
1947,0.21733333,20.4875
1948,0.21733333,27.49875
1949,0.21733333,33.3575
1950,0.21733333,39.9225
1951,0.21733333,49.275
1952,0.21733333,57.92
1953,0.21733333,66.27
1954,0.21733333,77.26375
1955,0.21733333,87.333336
1956,0.21733333,97.13
1957,0.21733333,110.0
1958,0.21733333,116.18
1959,0.21733333,117.59
1960,0.21733333,118.4713
1961,0.21733333,118.4713
1962,0.21733333,118.4713
1963,0.21733333,118.4713
1964,0.21733333,118.4713
1965,0.21733333,118.4713
1966,0.21733333,118.4713
1967,0.0,118.4713
1968,0.21733333,118.4713
1969,0.21733333,118.4713
1970,0.21733333,118.4713
1971,0.21733333,118.4713
1972,0.21733333,118.4713
1973,0.21733333,118.4713
1974,0.0,118.4713
1975,0.21733333,118.4713
1976,0.0,118.4713
1977,0.21733333,118.4713
1978,0.21733333,118.4713
1979,0.0,118.4713
1980,0.0,118.4713
1981,0.21733333,118.4713
1982,0.21733333,118.4713
1983,0.0,118.4713
1984,0.21733333,118.4713
1985,0.21733333,118.4713
1986,0.21733333,118.4713
1987,0.0,118.4713
1988,0.0,118.4713
1989,0.0,118.4713
1990,0.21733333,118.4713
1991,0.21733333,118.4713
1992,0.21733333,118.4713
1993,0.21733333,118.4713
1994,0.0,118.4713
1995,0.21733333,118.4713
1996,0.0,118.4713
1997,0.0,118.4713
1998,0.21733333,118.4713
1999,0.21733333,118.4713
2000,0.0,118.4713
2001,0.21733333,118.4713
2002,0.0,118.4713
2003,0.21733333,118.4713
2004,0.0,118.4713
2005,0.21733333,118.4713
2006,0.0,118.4713
2007,0.0,118.4713
2008,0.0,118.4713
2009,0.21733333,118.4713
2010,0.21733333,118.4713
2011,0.0,118.4713
2012,0.0,118.4713
2013,0.21733333,118.4713
2014,0.0,118.4713
2015,0.0,118.4713
2016,0.0,118.4713
2017,0.0,118.4713
2018,0.0,118.4713
2019,0.0,118.4713
2020,0.0,118.4713
2021,0.0,118.4713
2022,0.21733333,118.4713
2023,0.0,118.4713
2024,0.0,118.4713
2025,0.21733333,118.4713
2026,0.0,118.4713
2027,0.21733333,118.4713
2028,0.21733333,118.4713
2029,0.21733333,118.4713
2030,0.21733333,118.4713
2031,0.21733333,118.4713
2032,0.0,118.4713
2033,0.21733333,118.4713
2034,0.21733333,118.4713
2035,0.0,118.4713
2036,0.21733333,118.4713
2037,0.21733333,118.4713
2038,0.0,118.4713
2039,0.0,118.4713
2040,0.0,118.4713
2041,0.0,118.4713
2042,0.0,118.4713
2043,0.0,118.4713
2044,0.0,118.4713
2045,0.0,118.4713
2046,0.21733333,118.5413
2047,0.0,118.7913
2048,0.0,119.295
2049,0.0,118.59
2050,0.0,114.6375
2051,0.21733333,107.23
2052,0.0,95.24333
2053,0.0,85.39667
2054,0.21733333,75.64625
2055,0.21733333,67.27
2056,0.21733333,58.92
2057,0.21733333,48.13
2058,0.21733333,40.9225
2059,0.0,32.655
2060,0.21733333,26.99625
2061,0.21733333,21.4875
2062,0.0,14.20875
2063,0.0,9.9475
2064,0.0,6.2675
2065,0.0,3.76125
2066,0.0,1.956
2067,0.21733333,0.652
2068,0.0,0.21733333
2069,0.0,0.0
2070,0.21733333,0.21733333
2071,0.21733333,0.21733333
2072,0.21733333,0.21733333
2073,0.0,0.21733333
2074,0.0,0.21733333
2075,0.21733333,0.21733333
2076,0.21733333,0.21733333
2077,0.21733333,0.21733333
2078,0.0,0.21733333
2079,0.0,0.21733333
2080,0.21733333,0.21733333
2081,0.0,0.21733333
2082,0.0,0.21733333
2083,0.0,0.0
2084,0.0,0.21733333
2085,0.0,0.21733333
2086,0.0,0.21733333
2087,0.21733333,0.21733333
2088,0.0,0.0
2089,0.21733333,0.21733333
2090,0.0,0.21733333
2091,0.21733333,0.21733333
2092,0.0,0.21733333
2093,0.0,0.21733333
2094,0.0,0.21733333
2095,0.21733333,0.21733333
2096,0.0,0.0
2097,0.0,0.21733333
2098,0.0,0.21733333
2099,0.0,0.21733333
2100,0.0,0.21733333
2101,0.0,0.0
2102,0.0,0.0
2103,0.0,0.0
2104,0.0,0.0
2105,0.0,0.0
2106,0.0,0.0
2107,0.0,0.0
2108,0.0,0.0
2109,0.0,0.0
2110,0.0,0.0
2111,0.0,0.0
2112,0.0,0.0
2113,0.0,0.0
2114,0.0,0.0
2115,0.0,0.0
2116,0.0,0.0
2117,0.0,0.0
2118,0.0,0.0
2119,0.0,0.0
2120,0.0,0.0
2121,0.0,0.0
2122,0.0,0.0
2123,0.0,0.0
2124,0.0,0.0
2125,0.0,0.0
2126,0.0,0.0
2127,0.0,0.0
2128,0.0,0.0
2129,0.0,0.0
2130,0.0,0.0
2131,0.0,0.0
2132,0.0,0.0
2133,0.0,0.0
2134,0.0,0.0
2135,0.0,0.0
2136,0.0,0.0
2137,0.0,0.0
2138,0.0,0.0
2139,0.0,0.0
2140,0.0,0.0
2141,0.0,0.0
2142,0.0,0.0
2143,0.0,0.0
2144,0.0,0.0
2145,0.0,0.0
2146,0.0,0.0
2147,0.0,0.0
2148,0.0,0.0
2149,0.0,0.0
2150,0.0,0.0
2151,0.0,0.0
2152,0.0,0.0
2153,0.0,0.0
2154,0.0,0.0
2155,0.0,0.0
2156,0.0,0.0
2157,0.0,0.0
2158,0.0,0.0
2159,0.0,0.0
2160,0.0,0.0
2161,0.0,0.0
2162,0.0,0.0
2163,0.0,0.0
2164,0.0,0.0
2165,0.0,0.0
2166,0.0,0.0
2167,0.0,0.0
2168,0.0,0.0
2169,0.0,0.0
2170,0.0,0.0
2171,0.0,0.0
2172,0.0,0.0
2173,0.0,0.0
2174,0.0,0.0
2175,0.0,0.0
2176,0.0,0.0
2177,0.0,0.0
2178,0.0,0.0
2179,0.0,0.0
2180,0.0,0.0
2181,0.0,0.0
2182,0.0,0.0
2183,0.0,0.0
2184,0.0,0.0
2185,0.0,0.0
2186,0.0,0.0
2187,0.0,0.0
2188,0.0,0.0
2189,0.0,0.0
2190,0.0,0.0
2191,0.0,0.0
2192,0.0,0.0
2193,0.0,0.0
2194,0.0,0.0
2195,0.0,0.0
2196,0.0,0.0
2197,0.0,0.0
2198,0.0,0.0
2199,0.0,0.0
2200,0.0,0.0
2201,0.0,0.0
2202,0.0,0.0
2203,0.0,0.0
2204,0.0,0.0
2205,0.0,0.0
2206,0.0,0.0
2207,0.0,0.0
2208,0.0,0.0
2209,0.0,0.0
2210,0.0,0.0
2211,0.0,0.0
2212,0.0,0.0
2213,0.0,0.0
2214,0.0,0.0
2215,0.0,0.0
2216,0.0,0.0
2217,0.0,0.0
2218,0.0,0.0
2219,0.0,0.0
2220,0.0,0.0
2221,0.0,0.0
2222,0.0,0.0
2223,0.0,0.0
2224,0.0,0.0
2225,0.0,0.0
2226,0.0,0.0
2227,0.0,0.0
2228,0.0,0.0
2229,0.0,0.0
2230,0.0,0.0
2231,0.0,0.0
2232,0.0,0.0
2233,0.0,0.0
2234,0.0,0.0
2235,0.0,0.0
2236,0.0,0.0
2237,0.0,0.0
2238,0.0,0.0
2239,0.0,0.0
2240,0.0,0.0
2241,0.0,0.0
2242,0.0,0.0
2243,0.0,0.0
2244,0.0,0.0
2245,0.0,0.0
2246,0.0,0.0
2247,0.0,0.0
2248,0.0,0.0
2249,0.0,0.0
2250,0.0,0.0
2251,0.0,0.0
2252,0.0,0.0
2253,0.0,0.0
2254,0.0,0.0
2255,0.0,0.0
2256,0.0,0.0
2257,0.0,0.0
2258,0.0,0.0
2259,0.0,0.0
2260,0.0,0.0
2261,0.0,0.0
2262,0.0,0.0
2263,0.0,0.0
2264,0.0,0.0
2265,0.0,0.0
2266,0.0,0.0
2267,0.0,0.0
2268,0.0,0.0
2269,0.0,0.0
2270,0.0,0.0
2271,0.0,0.0
2272,0.0,0.0
2273,0.0,0.0
2274,0.0,0.0
2275,0.0,0.0
2276,0.0,0.0
2277,0.0,0.0
2278,0.0,0.0
2279,0.0,0.0
2280,0.0,0.0
2281,0.0,0.0
2282,0.0,0.0
2283,0.0,0.0
2284,0.0,0.0
2285,0.0,0.0
2286,0.0,0.0
2287,0.0,0.0
2288,0.0,0.0
2289,0.0,0.0
2290,0.0,0.0
2291,0.0,0.0
2292,0.0,0.0
2293,0.0,0.0
2294,0.0,0.0
2295,0.0,0.0
2296,0.0,0.0
2297,0.0,0.0
2298,0.0,0.0
2299,0.0,0.0
2300,0.0,0.0
2301,0.0,0.0
2302,0.0,0.0
2303,0.0,0.0
2304,0.0,0.0
2305,0.0,0.0
2306,0.0,0.0
2307,0.0,0.0
2308,0.0,0.0
2309,0.0,0.0
2310,0.0,0.0
2311,0.0,0.0
2312,0.0,0.0
2313,0.0,0.0
2314,0.0,0.0
2315,0.0,0.0
2316,0.0,0.0
2317,0.0,0.0
2318,0.0,0.0
2319,0.0,0.0
2320,0.0,0.0
2321,0.0,0.0
2322,0.0,0.0
2323,0.0,0.0
2324,0.0,0.0
2325,0.0,0.0
2326,0.0,0.0
2327,0.0,0.0
2328,0.0,0.0
2329,0.0,0.0
2330,0.0,0.0
2331,0.0,0.0
2332,0.0,0.0
2333,0.0,0.0
2334,0.0,0.0
2335,0.0,0.0
2336,0.0,0.0
2337,0.0,0.0
2338,0.0,0.0
2339,0.0,0.0
2340,0.0,0.0
2341,0.0,0.0
2342,0.0,0.0
2343,0.0,0.0
2344,0.0,0.0
2345,0.0,0.0
2346,0.0,0.0
2347,0.0,0.0
2348,0.0,0.0
2349,0.0,0.0
2350,0.0,0.0
2351,0.0,0.0
2352,0.0,0.0
2353,0.0,0.0
2354,0.0,0.0
2355,0.0,0.0
2356,0.0,0.0
2357,0.0,0.0
2358,0.0,0.0
2359,0.0,0.0
2360,0.0,0.0
2361,0.0,0.0
2362,0.0,0.0
2363,0.0,0.0
2364,0.0,0.0
2365,0.0,0.0
2366,0.0,0.0
2367,0.0,0.0
2368,0.0,0.0
2369,0.0,0.0
2370,0.0,0.0
2371,0.0,0.0
2372,0.0,0.0
2373,0.0,0.0
2374,0.0,0.0
2375,0.0,0.0
2376,0.0,0.0
2377,0.0,0.0
2378,0.0,0.0
2379,0.0,0.0
2380,0.0,0.0
2381,0.0,0.0
2382,0.0,0.0
2383,0.0,0.0
2384,0.0,0.0
2385,0.0,0.0
2386,0.0,0.0
2387,0.0,0.0
2388,0.0,0.0
2389,0.0,0.0
2390,0.0,0.0
2391,0.0,0.0
2392,0.0,0.0
2393,0.0,0.0
2394,0.0,0.0
2395,0.0,0.0
2396,0.0,0.0
2397,0.0,0.0
2398,0.0,0.0
2399,0.0,0.0
2400,0.0,0.0
2401,0.0,0.0
2402,0.0,0.0
2403,0.0,0.0
2404,0.0,0.0
2405,0.0,0.0
2406,0.0,0.0
2407,0.0,0.0
2408,0.0,0.0
2409,0.0,0.0
2410,0.0,0.0
2411,0.0,0.0
2412,0.0,0.0
2413,0.0,0.0
2414,0.0,0.0
2415,0.0,0.0
2416,0.0,0.0
2417,0.0,0.0
2418,0.0,0.0
2419,0.0,0.0
2420,0.0,0.0
2421,0.0,0.0
2422,0.0,0.0
2423,0.0,0.0
2424,0.0,0.0
2425,0.0,0.0
2426,0.0,0.0
2427,0.0,0.0
2428,0.0,0.0
2429,0.0,0.0
2430,0.0,0.0
2431,0.0,0.0
2432,0.0,0.0
2433,0.0,0.0
2434,0.0,0.0
2435,0.0,0.0
2436,0.0,0.0
2437,0.0,0.0
2438,0.0,0.0
2439,0.0,0.0
2440,0.0,0.0
2441,0.0,0.0
2442,0.0,0.0
2443,0.0,0.0
2444,0.0,0.0
2445,0.0,0.0
2446,0.0,0.0
2447,0.0,0.0
2448,0.0,0.0
2449,0.0,0.0
2450,0.0,0.0
2451,0.0,0.0
2452,0.0,0.0
2453,0.0,0.0
2454,0.0,0.0
2455,0.0,0.0
2456,0.0,0.0
2457,0.0,0.0
2458,0.0,0.0
2459,0.0,0.0
2460,0.0,0.0
2461,0.0,0.0
2462,0.0,0.0
2463,0.0,0.0
2464,0.0,0.0
2465,0.0,0.0
2466,0.0,0.0
2467,0.0,0.0
2468,0.0,0.0
2469,0.0,0.0
2470,0.0,0.0
2471,0.0,0.0
2472,0.0,0.0
2473,0.0,0.0
2474,0.0,0.0
2475,0.0,0.0
2476,0.21733333,117.7663
2477,0.21733333,117.7663
2478,0.21733333,117.7663
2479,0.21733333,117.7663
2480,0.21733333,117.7663
2481,0.21733333,117.7663
2482,0.21733333,117.7663
2483,0.21733333,117.7663
2484,0.21733333,117.7663
2485,0.21733333,117.7663
2486,0.21733333,117.7663
2487,0.21733333,117.7663
2488,0.21733333,117.7663
2489,0.21733333,117.7663
2490,0.21733333,117.7663
2491,0.21733333,117.7663
2492,0.21733333,117.7663
2493,0.21733333,117.7663
2494,0.21733333,117.7663
2495,0.21733333,117.7663
2496,0.21733333,117.7663
2497,0.21733333,117.7663
2498,0.21733333,117.7663
2499,0.21733333,117.7663
2500,0.21733333,117.7663
2501,0.21733333,117.7663
2502,0.21733333,117.7663
2503,0.21733333,117.7663
2504,0.21733333,117.7663
2505,0.21733333,117.7663
2506,0.21733333,117.7663
2507,0.21733333,117.7663
2508,0.21733333,117.7663
2509,0.21733333,117.7663
2510,0.21733333,117.7663
2511,0.21733333,117.7663
2512,0.21733333,117.7663
2513,0.21733333,117.7663
2514,0.21733333,117.7663
2515,0.21733333,117.7663
2516,0.21733333,117.7663
2517,0.21733333,117.7663
2518,0.21733333,117.7663
2519,0.21733333,117.7663
2520,0.21733333,117.7663
2521,0.21733333,117.7663
2522,0.21733333,117.7663
2523,0.21733333,117.7663
2524,0.21733333,117.7663
2525,0.21733333,117.7663
2526,0.21733333,117.7663
2527,0.21733333,117.7663
2528,0.21733333,117.7663
2529,0.21733333,117.7663
2530,0.21733333,117.7663
2531,0.21733333,117.7663
2532,0.21733333,117.7663
2533,0.21733333,117.7663
2534,0.21733333,117.7663
2535,0.21733333,117.8063
2536,0.21733333,118.156296
2537,0.21733333,118.03999
2538,0.21733333,118.119995
2539,0.21733333,118.0613
2540,0.21733333,117.18
2541,0.21733333,111.0
2542,0.21733333,104.255
2543,0.21733333,93.2
2544,0.21733333,82.99167
2545,0.21733333,73.68313
2546,0.21733333,63.37625
2547,0.21733333,54.37
2548,0.21733333,44.37625
2549,0.21733333,37.51875
2550,0.21733333,31.378124
2551,0.21733333,24.366875
2552,0.21733333,18.420626
2553,0.21733333,11.850625
2554,0.21733333,8.385625
2555,0.21733333,5.515625
2556,0.21733333,2.608
2557,0.21733333,1.304
2558,0.0,0.43466666
2559,0.21733333,0.0
2560,0.21733333,0.0
2561,0.21733333,0.0
2562,0.21733333,0.0
2563,0.21733333,0.0
2564,0.21733333,0.0
2565,0.21733333,0.0
2566,0.21733333,0.0
2567,0.21733333,0.0
2568,0.21733333,0.0
2569,0.21733333,0.0
2570,0.0,0.0
2571,0.21733333,0.0
2572,0.0,0.0
2573,0.21733333,0.0
2574,0.0,0.0
2575,0.21733333,0.0
2576,0.0,0.0
2577,0.21733333,0.0
2578,0.21733333,0.0
2579,0.0,0.0
2580,0.21733333,0.0
2581,0.0,0.0
2582,0.21733333,0.0
2583,0.21733333,0.0
2584,0.0,0.0
2585,0.0,0.0
2586,0.0,0.0
2587,0.0,0.0
2588,0.0,0.0
2589,0.0,0.0
2590,0.0,0.0
2591,0.0,0.0
2592,0.0,0.0
2593,0.0,0.0
2594,0.0,0.0
2595,0.0,0.0
2596,0.0,0.0
2597,0.0,0.0
2598,0.0,0.0
2599,0.0,0.0
2600,0.0,0.0
2601,0.0,0.0
2602,0.0,0.0
2603,0.0,0.0
2604,0.0,0.0
2605,0.0,0.0
2606,0.0,0.0
2607,0.0,0.0
2608,0.0,0.0
2609,0.0,0.0
2610,0.0,0.0
2611,0.0,0.0
2612,0.0,0.0
2613,0.0,0.0
2614,0.0,0.0
2615,0.0,0.0
2616,0.0,0.0
2617,0.0,0.0
2618,0.0,0.0
2619,0.0,0.0
2620,0.0,0.0
2621,0.0,0.0
2622,0.0,0.0
2623,0.0,0.0
2624,0.0,0.0
2625,0.0,0.0
2626,0.0,0.0
2627,0.0,0.0
2628,0.0,0.0
2629,0.0,0.0
2630,0.0,0.0
2631,0.0,0.0
2632,0.0,0.0
2633,0.0,0.0
2634,0.0,0.0
2635,0.0,0.0
2636,0.0,0.0
2637,0.0,0.0
2638,0.0,0.0
2639,0.0,0.0
2640,0.0,0.0
2641,0.0,0.0
2642,0.0,0.0
2643,0.0,0.0
2644,0.0,0.0
2645,0.0,0.0
2646,0.0,0.0
2647,0.0,0.0
2648,0.0,0.0
2649,0.0,0.0
2650,0.0,0.0
2651,0.0,0.0
2652,0.0,0.0
2653,0.0,0.0
2654,0.0,0.0
2655,0.0,0.0
2656,0.0,0.0
2657,0.0,0.0
2658,0.0,0.0
2659,0.0,0.0
2660,0.0,0.0
2661,0.0,0.0
2662,0.0,0.0
2663,0.0,0.0
2664,0.0,0.0
2665,0.0,0.0
2666,0.0,0.0
2667,0.0,0.0
2668,0.0,0.0
2669,0.0,0.0
2670,0.0,0.0
2671,0.0,0.0
2672,0.0,0.0
2673,0.0,0.0
2674,0.0,0.0
2675,0.0,0.0
2676,0.0,0.0
2677,0.0,0.0
2678,0.0,0.0
2679,0.0,0.0
2680,0.0,0.0
2681,0.0,0.0
2682,0.0,0.0
2683,0.0,0.0
2684,0.0,0.0
2685,0.0,0.0
2686,0.0,0.0
2687,0.0,0.0
2688,0.0,0.0
2689,0.0,0.0
2690,0.0,0.0
2691,0.0,0.0
2692,0.0,0.0
2693,0.0,0.0
2694,0.0,0.0
2695,0.0,0.0
2696,0.0,0.0
2697,0.0,0.0
2698,0.0,0.0
2699,0.0,0.0
2700,0.0,0.0
2701,0.0,0.0
2702,0.0,0.0
2703,0.0,0.0
2704,0.0,0.0
2705,0.0,0.0
2706,0.0,0.0
2707,0.0,0.0
2708,0.0,0.0
2709,0.0,0.0
2710,0.0,0.0
2711,0.0,0.0
2712,0.0,0.0
2713,0.0,0.0
2714,0.0,0.0
2715,0.0,0.0
2716,0.0,0.0
2717,0.0,0.0
2718,0.0,0.0
2719,0.0,0.0
2720,0.0,0.0
2721,0.0,0.0
2722,0.0,0.0
2723,0.0,0.0
2724,0.0,0.0
2725,0.0,0.0
2726,0.0,0.0
2727,0.0,0.0
2728,0.0,0.0
2729,0.0,0.0
2730,0.0,0.0
2731,0.0,0.0
2732,0.0,0.0
2733,0.0,0.0
2734,0.0,0.0
2735,0.0,0.0
2736,0.0,0.0
2737,0.0,0.0
2738,0.0,0.0
2739,0.0,0.0
2740,0.0,0.0
2741,0.0,0.0
2742,0.0,0.0
2743,0.0,0.0
2744,0.0,0.0
2745,0.0,0.0
2746,0.0,0.0
2747,0.0,0.0
2748,0.0,0.0
2749,0.0,0.0
2750,0.0,0.0
2751,0.0,0.0
2752,0.0,0.0
2753,0.0,0.0
2754,0.0,0.0
2755,0.0,0.0
2756,0.0,0.0
2757,0.0,0.0
2758,0.0,0.0
2759,0.0,0.0
2760,0.0,0.0
2761,0.0,0.0
2762,0.0,0.0
2763,0.0,0.0
2764,0.0,0.0
2765,0.0,0.0
2766,0.0,0.0
2767,0.0,0.0
2768,0.0,0.0
2769,0.0,0.0
2770,0.0,0.0
2771,0.0,0.0
2772,0.0,0.0
2773,0.0,0.0
2774,0.0,0.0
2775,0.0,0.0
2776,0.0,0.0
2777,0.0,0.0
2778,0.0,0.0
2779,0.0,0.0
2780,0.0,0.0
2781,0.0,0.0
2782,0.0,0.0
2783,0.0,0.0
2784,0.0,0.0
2785,0.0,0.0
2786,117.9425,0.43466666
2787,117.9425,0.21733333
2788,117.9425,0.21733333
2789,117.9425,0.21733333
2790,117.9425,0.21733333
2791,117.9425,0.21733333
2792,117.9425,0.21733333
2793,117.9425,0.21733333
2794,117.9425,0.21733333
2795,117.9425,0.21733333
2796,117.9425,0.21733333
2797,117.9425,0.21733333
2798,117.9425,0.21733333
2799,117.9425,0.21733333
2800,117.9425,0.21733333
2801,117.9425,0.21733333
2802,117.9425,0.21733333
2803,117.9425,0.21733333
2804,117.9425,0.21733333
2805,117.9425,0.21733333
2806,117.9425,0.21733333
2807,117.9425,0.21733333
2808,117.9425,0.21733333
2809,117.9425,0.21733333
2810,117.9425,0.21733333
2811,117.9425,0.21733333
2812,117.9425,0.21733333
2813,117.9425,0.21733333
2814,117.9425,0.21733333
2815,117.9425,0.21733333
2816,117.9425,0.21733333
2817,117.9425,0.21733333
2818,117.9425,0.21733333
2819,117.9425,0.21733333
2820,117.9425,0.21733333
2821,117.9425,0.21733333
2822,117.9425,0.21733333
2823,117.9425,0.21733333
2824,117.9425,0.21733333
2825,117.9425,0.21733333
2826,117.9425,0.21733333
2827,117.9425,0.21733333
2828,117.9425,0.21733333
2829,117.9425,0.21733333
2830,117.9425,0.21733333
2831,117.9425,0.21733333
2832,117.9425,0.21733333
2833,117.9425,0.0
2834,117.9425,0.21733333
2835,117.9425,0.21733333
2836,117.9425,0.21733333
2837,117.9425,0.21733333
2838,117.9425,0.21733333
2839,117.9425,0.21733333
2840,117.9425,0.0
2841,117.9425,0.21733333
2842,117.9425,0.21733333
2843,117.9425,0.21733333
2844,117.9425,0.21733333
2845,117.9425,0.0
2846,117.9425,0.0
2847,117.9425,0.21733333
2848,117.9425,0.21733333
2849,117.9425,0.21733333
2850,118.1225,0.21733333
2851,118.9425,0.21733333
2852,118.59,0.0
2853,117.7088,0.21733333
2854,114.6375,0.21733333
2855,108.315,0.21733333
2856,97.40833,0.0
2857,88.333336,0.21733333
2858,78.26375,0.21733333
2859,66.71375,0.0
2860,58.92,0.21733333
2861,50.275,0.21733333
2862,40.43625,0.0
2863,34.3575,0.21733333
2864,28.49875,0.21733333
2865,21.4875,0.0
2866,15.55625,0.21733333
2867,10.84,0.21733333
2868,7.019375,0.21733333
2869,4.2625,0.0
2870,2.3906667,0.0
2871,1.0866667,0.0
2872,0.21733333,0.21733333
2873,0.21733333,0.0
2874,0.21733333,0.21733333
2875,0.21733333,0.0
2876,0.21733333,0.21733333
2877,0.21733333,0.0
2878,0.21733333,0.21733333
2879,0.21733333,0.0
2880,0.21733333,0.21733333
2881,0.21733333,0.21733333
2882,0.21733333,0.0
2883,0.21733333,0.0
2884,0.21733333,0.21733333
2885,0.0,0.0
2886,0.0,0.0
2887,0.0,0.0
2888,0.0,0.0
2889,0.0,0.0
2890,0.0,0.0
2891,0.0,0.0
2892,0.0,0.0
2893,0.0,0.0
2894,0.0,0.0
2895,0.0,0.0
2896,0.0,0.0
2897,0.0,0.0
2898,0.0,0.0
2899,0.0,0.0
2900,0.0,0.0
2901,0.0,0.0
2902,0.0,0.0
2903,0.0,0.0
2904,0.0,0.0
2905,0.0,0.0
2906,0.0,0.0
2907,0.0,0.0
2908,0.0,0.0
2909,0.0,0.0
2910,0.0,0.0
2911,0.0,0.0
2912,0.0,0.0
2913,0.0,0.0
2914,0.0,0.0
2915,0.0,0.0
2916,0.0,0.0
2917,0.0,0.0
2918,0.0,0.0
2919,0.0,0.0
2920,0.0,0.0
2921,0.0,0.0
2922,0.0,0.0
2923,0.0,0.0
2924,0.0,0.0
2925,0.0,0.0
2926,0.0,0.0
2927,0.0,0.0
2928,0.0,0.0
2929,0.0,0.0
2930,0.0,0.0
2931,0.0,0.0
2932,0.0,0.0
2933,0.0,0.0
2934,0.0,0.0
2935,0.0,0.0
2936,0.0,0.0
2937,0.0,0.0
2938,0.0,0.0
2939,0.0,0.0
2940,0.0,0.0
2941,0.0,0.0
2942,0.0,0.0
2943,0.0,0.0
2944,0.0,0.0
2945,0.0,0.0
2946,0.0,0.0
2947,0.0,0.0
2948,0.0,0.0
2949,0.0,0.0
2950,0.0,0.0
2951,0.0,0.0
2952,0.0,0.0
2953,0.0,0.0
2954,0.0,0.0
2955,0.0,0.0
2956,0.0,0.0
2957,0.0,0.0
2958,0.0,0.0
2959,0.0,0.0
2960,0.0,0.0
2961,0.0,0.0
2962,0.0,0.0
2963,0.0,0.0
2964,0.0,0.0
2965,0.0,0.0
2966,0.0,0.0
2967,0.0,0.0
2968,0.0,0.0
2969,0.0,0.0
2970,0.0,0.0
2971,0.0,0.0
2972,0.0,0.0
2973,0.0,0.0
2974,0.0,0.0
2975,0.0,0.0
2976,0.0,0.0
2977,0.0,0.0
2978,0.0,0.0
2979,0.0,0.0
2980,0.0,0.0
2981,0.0,0.0
2982,0.0,0.0
2983,0.0,0.0
2984,0.0,0.0
2985,0.0,0.0
2986,0.0,0.0
2987,0.0,0.0
2988,0.0,0.0
2989,0.0,0.0
2990,0.0,0.0
2991,0.0,0.0
2992,0.0,0.0
2993,0.0,0.0
2994,0.0,0.0
2995,0.0,0.0
2996,0.0,0.0
2997,0.0,0.0
2998,0.0,0.0
2999,0.0,0.0
3000,0.0,0.0
3001,0.0,0.0
3002,0.0,0.0
3003,0.0,0.0
3004,0.0,0.0
3005,0.0,0.0
3006,0.0,0.0
3007,0.0,0.0
3008,0.0,0.0
3009,0.0,0.0
3010,0.0,0.0
3011,0.0,0.0
3012,0.0,0.0
3013,0.0,0.0
3014,0.0,0.0
3015,0.0,0.0
3016,0.0,0.0
3017,0.0,0.0
3018,0.0,0.0
3019,0.0,0.0
3020,0.0,0.0
3021,0.0,0.0
3022,0.0,0.0
3023,0.0,0.0
3024,0.0,0.0
3025,0.0,0.0
3026,0.0,0.0
3027,0.0,0.0
3028,0.0,0.0
3029,0.0,0.0
3030,0.0,0.0
3031,0.0,0.0
3032,0.0,0.0
3033,0.0,0.0
3034,0.0,0.0
3035,0.0,0.0
3036,0.0,0.0
3037,0.0,0.0
3038,0.0,0.0
3039,0.0,0.0
3040,0.0,0.0
3041,0.0,0.0
3042,0.0,0.0
3043,0.0,0.0
3044,0.0,0.0
3045,0.0,0.0
3046,0.0,0.0
3047,0.0,0.0
3048,0.0,0.0
3049,0.0,0.0
3050,0.0,0.0
3051,0.0,0.0
3052,0.0,0.0
3053,0.0,0.0
3054,0.0,0.0
3055,0.0,0.0
3056,0.0,0.0
3057,0.0,0.0
3058,0.0,0.0
3059,0.0,0.0
3060,0.0,0.0
3061,0.0,0.0
3062,0.0,0.0
3063,0.0,0.0
3064,0.0,0.0
3065,0.0,0.0
3066,0.0,0.0
3067,0.0,0.0
3068,0.0,0.0
3069,0.0,0.0
3070,0.0,0.0
3071,0.0,0.0
3072,0.0,0.0
3073,0.0,0.0
3074,0.0,0.0
3075,0.0,0.0
3076,0.0,0.0
3077,0.0,0.0
3078,0.0,0.0
3079,0.0,0.0
3080,0.0,0.0
3081,0.0,0.0
3082,0.0,0.0
3083,0.0,0.0
3084,0.0,0.0
3085,0.0,0.0
3086,0.0,0.0
3087,0.0,0.0
3088,0.0,0.0
3089,0.0,0.0
3090,0.0,0.0
3091,0.0,0.0
3092,0.0,0.0
3093,0.0,0.0
3094,0.0,0.0
3095,0.0,0.0
3096,0.0,0.0
3097,0.0,0.0
3098,0.0,0.0
3099,0.0,0.0
3100,0.0,0.0
3101,0.0,0.0
3102,0.0,0.0
3103,0.0,0.0
3104,0.0,0.0
3105,0.0,0.0
3106,0.0,0.0
3107,0.0,0.0
3108,0.0,0.0
3109,0.0,0.0
3110,0.0,0.0
3111,0.0,0.0
3112,0.0,0.0
3113,0.0,0.0
3114,0.0,0.0
3115,0.0,0.0
3116,0.0,0.0
3117,0.0,0.0
3118,0.0,0.0
3119,0.0,0.0
3120,0.0,0.0
3121,0.0,0.0
3122,0.0,0.0
3123,0.0,0.0
3124,0.0,0.0
3125,0.0,0.0
3126,0.0,0.0
3127,0.0,0.0
3128,0.0,0.0
3129,0.0,0.0
3130,0.0,0.0
3131,0.0,0.0
3132,0.0,0.0
3133,0.0,0.0
3134,0.0,0.0
3135,0.0,0.0
3136,0.0,0.0
3137,0.0,0.0
3138,0.0,0.0
3139,0.0,0.0
3140,0.0,0.0
3141,0.0,0.0
3142,0.0,0.0
3143,0.0,0.0
3144,0.0,0.0
3145,0.0,0.0
3146,0.0,0.0
3147,0.0,0.0
3148,0.0,0.0
3149,0.0,0.0
3150,0.0,0.0
3151,0.0,0.0
3152,0.0,0.0
3153,0.0,0.0
3154,0.0,0.0
3155,0.0,0.0
3156,0.0,0.0
3157,0.0,0.0
3158,0.0,0.0
3159,0.0,0.0
3160,0.0,0.0
3161,0.0,0.0
3162,0.0,0.0
3163,0.0,0.0
3164,0.0,0.0
3165,0.0,0.0
3166,0.0,0.0
3167,0.0,0.0
3168,0.0,0.0
3169,0.0,0.0
3170,0.0,0.0
3171,0.0,0.0
3172,0.0,0.0
3173,0.0,0.0
3174,0.0,0.0
3175,0.0,0.0
3176,0.0,0.0
3177,0.0,0.0
3178,0.0,0.0
3179,0.0,0.0
3180,0.0,0.0
3181,0.0,0.0
3182,0.0,0.0
3183,0.0,0.0
3184,0.0,0.0
3185,0.0,0.0
3186,0.0,0.0
3187,0.0,0.0
3188,0.0,0.0
3189,0.0,0.0
3190,0.0,0.0
3191,0.0,0.0
3192,0.0,0.0
3193,0.0,0.0
3194,0.0,0.0
3195,0.0,0.0
3196,0.0,0.0
3197,0.0,0.0
3198,0.0,0.0
3199,0.0,0.0
3200,0.0,0.0
3201,0.0,0.0
3202,0.0,0.0
3203,0.0,0.0
3204,0.0,0.0
3205,0.0,0.0
3206,0.0,0.0
3207,0.0,0.0
3208,0.0,0.0
3209,0.0,0.0
3210,0.0,0.0
3211,0.0,0.0
3212,0.0,0.0
3213,0.0,0.0
3214,0.0,0.0
3215,0.0,0.0
3216,0.0,0.0
3217,0.0,0.0
3218,0.0,0.0
3219,0.0,0.0
3220,0.0,0.0
3221,0.0,0.0
3222,0.0,0.0
3223,0.0,0.0
3224,0.0,0.0
3225,0.0,0.0
3226,0.0,0.0
3227,0.0,0.0
3228,0.0,0.0
3229,0.0,0.0
3230,0.0,0.0
3231,0.0,0.0
3232,0.0,0.0
3233,0.0,0.0
3234,0.0,0.0
3235,0.0,0.0
3236,0.0,0.0
3237,0.0,0.0
3238,0.0,0.0
3239,0.0,0.0
3240,0.0,0.0
3241,0.0,0.0
3242,0.0,0.0
3243,0.0,0.0
3244,0.0,0.0
3245,-0.05066669,0.43466666
3246,0.652,0.43466666
3247,0.43466666,0.21733333
3248,0.21733333,0.0
3249,0.0,0.0
3250,0.0,0.0
3251,0.0,0.0
3252,0.0,0.0
3253,0.0,0.0
3254,0.0,0.0
3255,0.0,0.0
3256,0.0,0.0
3257,0.0,0.0
3258,0.0,0.0
3259,0.0,0.0
3260,0.0,0.0
3261,0.0,0.0
3262,0.0,0.0
3263,0.0,0.0
3264,0.0,0.0
3265,0.0,0.0
3266,0.0,0.0
3267,0.0,0.0
3268,0.0,0.0
3269,0.0,0.0
3270,0.0,0.0
3271,0.0,0.0
3272,0.0,0.0
3273,0.0,0.0
3274,0.0,0.0
3275,0.0,0.0
3276,0.0,0.0
3277,0.0,0.0
3278,0.0,0.0
3279,0.0,0.0
3280,0.0,0.0
3281,0.0,0.0
3282,0.0,0.0
3283,0.0,0.0
3284,0.0,0.0
3285,0.0,0.0
3286,0.0,0.0
3287,0.0,0.0
3288,0.0,0.0
3289,0.0,0.0
3290,0.0,0.0
3291,0.0,0.0
3292,0.0,0.0
3293,0.0,0.0
3294,0.0,0.0
3295,0.0,0.0
3296,0.0,0.0
3297,0.0,0.0
3298,0.0,0.0
3299,0.0,0.0
3300,0.0,0.0
3301,0.0,0.0
3302,0.0,0.0
3303,0.0,0.0
3304,0.0,0.0
3305,0.0,0.0
3306,0.0,0.0
3307,0.0,0.0
3308,0.0,0.0
3309,0.0,0.0
3310,0.0,0.0
3311,0.0,0.0
3312,0.0,0.0
3313,0.0,0.0
3314,0.0,0.0
3315,0.0,0.0
3316,0.0,0.0
3317,0.0,0.0
3318,0.0,0.0
3319,0.0,0.0
3320,0.0,0.0
3321,0.0,0.0
3322,0.0,0.0
